PARENT,CHILD
ORIGINALPOST,FLTreesThrowaway96Ae
FLTreesThrowaway96Ae,StandingByToStandBy194A.
StandingByToStandBy194A.,one_eyed_zoro215A 
one_eyed_zoro215A ,tugboattomp666Ya
tugboattomp666Ya,one_eyed_zoro235Ts
one_eyed_zoro235Ts,tugboattomp150Ns
tugboattomp150Ns,one_eyed_zoro235Wt
tugboattomp150Ns,Fortunate_0nesy276hm
tugboattomp150Ns,Bigwooddeck86Yo
tugboattomp150Ns,Abomb60I.
Abomb60I.,tugboattomp2713I-
FLTreesThrowaway96Ae,failingconstantly27I.
FLTreesThrowaway96Ae,just_want_to_lurk79Tc
FLTreesThrowaway96Ae,techleopard262Is
FLTreesThrowaway96Ae,RussianBotTroll32C.
ORIGINALPOST,tugboattomp934[.
tugboattomp934[.,redditninemillion183>

redditninemillion183>
,swishandswallow20"y
swishandswallow20"y,rainbowgeoff62".
rainbowgeoff62".,matinthebox53B.
swishandswallow20"y,archaelleon47*n
swishandswallow20"y,some_random_noob55tn
tugboattomp934[.,BBQsauce18403> 
BBQsauce18403> ,tugboattomp60Pe
tugboattomp60Pe,failingconstantly11T.
tugboattomp60Pe,Noimnotsally498Ig
tugboattomp60Pe,orangeLILpumpkin330Wn
orangeLILpumpkin330Wn,CaptainJ_Harkness80Yh
CaptainJ_Harkness80Yh,periscope-suks97>s
orangeLILpumpkin330Wn,rubyywoo277I 
rubyywoo277I ,orangeLILpumpkin831>l
orangeLILpumpkin831>l,InfamousBLT391Ad
InfamousBLT391Ad,Storm_cloud462Ag
Storm_cloud462Ag,InfamousBLT503A.
InfamousBLT503A.,Storm_cloud721>?
Storm_cloud721>?,rubyywoo662It
InfamousBLT503A.,orangeLILpumpkin197>n
orangeLILpumpkin197>n,Storm_cloud546N.
Storm_cloud546N.,orangeLILpumpkin96>n
Storm_cloud546N.,Szyz178Id
Szyz178Id,Storm_cloud688Yy
Storm_cloud688Yy,Szyz292"t
Szyz292"t,Storm_cloud861>.
orangeLILpumpkin96>n,rubyywoo776Y 
orangeLILpumpkin96>n,Szyz204St
Szyz204St,orangeLILpumpkin59>n
orangeLILpumpkin59>n,Szyz16Se
orangeLILpumpkin59>n,janglestheclown67Mn
janglestheclown67Mn,SMTTT84124 e
SMTTT84124 e,sewsnap180Y"
sewsnap180Y",SMTTT84150I 
SMTTT84150I ,sewsnap99Ae
sewsnap99Ae,SMTTT84405> 
SMTTT84405> ,sewsnap470Ir
sewsnap470Ir,SMTTT84495> 
SMTTT84495> ,FatSputnik102ye
FatSputnik102ye,Storm_cloud434H

Storm_cloud434H
,FatSputnik229ma
FatSputnik229ma,Storm_cloud270Ps
sewsnap470Ir,Storm_cloud640>.
Storm_cloud640>.,sewsnap895Ue
sewsnap895Ue,Storm_cloud1198>

SMTTT84495> ,FatSputnik28dd
FatSputnik28dd,SMTTT8416At
janglestheclown67Mn,Storm_cloud191W?
tugboattomp60Pe,R____I____G____H___T237>e
R____I____G____H___T237>e,Its_Wyenaut397I.
R____I____G____H___T237>e,Ingloriousfiction51Pv
R____I____G____H___T237>e,Nissir71I 
Nissir71I ,[deleted]56224986597Ig
[deleted]56224986597Ig,sewsnap193Yu
sewsnap193Yu,[deleted]2874161732141I.
[deleted]2874161732141I.,sewsnap641Sd
sewsnap641Sd,[deleted]936159802292Dn
[deleted]936159802292Dn,sewsnap233D^
[deleted]56224986597Ig,lifeonthegrid10Y.
lifeonthegrid10Y.,[deleted]82566064016Vg
[deleted]82566064016Vg,lifeonthegrid17W.
[deleted]56224986597Ig,JennJayBee909Wt
JennJayBee909Wt,[deleted]4372725141057T.
R____I____G____H___T237>e,Squirmingbaby58F.
R____I____G____H___T237>e,LIGHT_COLLUSION19Ps
R____I____G____H___T237>e,sewsnap41P.
ORIGINALPOST,mrmidnight8932Gt
ORIGINALPOST,Silentmooses106B.
Silentmooses106B.,CAESTULA81>.
CAESTULA81>.,Silentmooses20My
CAESTULA81>.,TheodoreFMRoosevelt59Ib
TheodoreFMRoosevelt59Ib,TheHeadGoon18/ 
CAESTULA81>.,jimmyco200821Pu
ORIGINALPOST,Piperplays782Ig
Piperplays782Ig,tugboattomp825Ml
Piperplays782Ig,spanner7999I 
spanner7999I ,5162668512638734076Eg
5162668512638734076Eg,Underwater_Karma51t 
Underwater_Karma51t ,Gunkspargle172Te
Gunkspargle172Te,Szyz49Se
Gunkspargle172Te,techleopard881T 
5162668512638734076Eg,spanner79283T.
spanner79283T.,techleopard386Ym
ORIGINALPOST,va_wanderer63T.
ORIGINALPOST,drew1111119Io
drew1111119Io,HorAshow81ti
ORIGINALPOST,Steelcity1995180I.
Steelcity1995180I.,Lostallthefucksigive278M.
Lostallthefucksigive278M.,ignenrintegra278Ms
ignenrintegra278Ms,haystackthecat628I 
haystackthecat628I ,techleopard470Au
ignenrintegra278Ms,WestCoastBestCoast0167I.
Lostallthefucksigive278M.,techleopard448"l
ORIGINALPOST,SS_Upboat55T!
ORIGINALPOST,WeAreGonnaBang86.s
WeAreGonnaBang86.s,ShimmyZmizz176Ps
ShimmyZmizz176Ps,Bookandaglassofwine89Yy
Bookandaglassofwine89Yy,meat_tunnel40Nd
meat_tunnel40Nd,Bookandaglassofwine128Yt
Bookandaglassofwine128Yt,TerrytheMerry282P.
TerrytheMerry282P.,TucuReborn198" 
TerrytheMerry282P.,YWxpYXMw89N.
YWxpYXMw89N.,TerrytheMerry186Y.
TerrytheMerry186Y.,YWxpYXMw176Ig
YWxpYXMw176Ig,TerrytheMerry110D.
YWxpYXMw176Ig,Misguidedvision187I.
Bookandaglassofwine128Yt,ShimmyZmizz541Te
WeAreGonnaBang86.s,Sun_Djinn_Kari311Bd
Sun_Djinn_Kari311Bd,Rosebunse221Ir
Rosebunse221Ir,Zack_Wester560Ie
Zack_Wester560Ie,Sun_Djinn_Kari59S.
Zack_Wester560Ie,Pseuzq42Nd
WeAreGonnaBang86.s,PhilipLiptonSchrute88T.
WeAreGonnaBang86.s,Rosebunse262Is
WeAreGonnaBang86.s,rubyywoo312I 
WeAreGonnaBang86.s,ascpl68Io
WeAreGonnaBang86.s,RadioOperatorMan294Ts
RadioOperatorMan294Ts,berberine271Cn
berberine271Cn,ToplessNedFlanders141Io
ToplessNedFlanders141Io,BannedfromGreece87Is
BannedfromGreece87Is,kremes76Ct
WeAreGonnaBang86.s,Thumpd2101Ie
WeAreGonnaBang86.s,MySweetBitch120Mn
WeAreGonnaBang86.s,SS_Upboat60bg
WeAreGonnaBang86.s,Szyz85Ty
WeAreGonnaBang86.s,Digiman1145SO
Digiman1145SO,hexiron381T.
WeAreGonnaBang86.s,easwaran246I.
WeAreGonnaBang86.s,failingconstantly45W?
failingconstantly45W?,easwaran149S.
WeAreGonnaBang86.s,titlewhore130b.
WeAreGonnaBang86.s,Dustin_00393Ie
WeAreGonnaBang86.s,urgoingdownbitch01223Pe
urgoingdownbitch01223Pe,Flincher1486Am
Flincher1486Am,urgoingdownbitch01101T.
urgoingdownbitch01101T.,mechl121Ee
ORIGINALPOST,SlowYerRoll1190Gr
ORIGINALPOST,0b001149Ds
0b001149Ds,effieokay39Y.
effieokay39Y.,istayquiet1572A 
istayquiet1572A ,ToplessNedFlanders332> 
ToplessNedFlanders332> ,istayquiet669T.
istayquiet669T.,ToplessNedFlanders364> 
ToplessNedFlanders364> ,WoolOfBat302Yd
WoolOfBat302Yd,ToplessNedFlanders293>w
ToplessNedFlanders293>w,WoolOfBat546>t
ToplessNedFlanders293>w,istayquiet1365S.
ToplessNedFlanders293>w,Pseuzq59>e
istayquiet1365S.,rubyywoo1212Td
effieokay39Y.,0b0011110Ls
0b0011110Ls,LIGHT_COLLUSION208Ar
LIGHT_COLLUSION208Ar,effieokay230I.
effieokay230I.,LaserkidTW83Iw
LIGHT_COLLUSION208Ar,0b0011434Sk
0b0011434Sk,rubyywoo386Ir
rubyywoo386Ir,0b0011254Iy
0b0011254Iy,rubyywoo340B 
0b0011254Iy,Rosebunse62Me
Rosebunse62Me,0b0011132Tt
0b0011132Tt,UrbanDryad555Nd
UrbanDryad555Nd,0b0011179Bt
0b0011179Bt,UrbanDryad749B.
UrbanDryad749B.,vanishplusxzone286R*
vanishplusxzone286R*,JennJayBee63>g
UrbanDryad749B.,par_texx381>.
par_texx381>.,UrbanDryad205> 
UrbanDryad205> ,par_texx107Y 
par_texx107Y ,rubyywoo476O 
par_texx107Y ,UrbanDryad82Fg
par_texx107Y ,vanishplusxzone113We
vanishplusxzone113We,par_texx640I 
par_texx640I ,rubyywoo481Ph
par_texx640I ,JennJayBee249Ty
par_texx640I ,UrbanDryad461> 
vanishplusxzone113We,tathougies559Bn
vanishplusxzone113We,myalias1203In
myalias1203In,rubyywoo647In
0b0011179Bt,tathougies342Ns
tathougies342Ns,vanishplusxzone233H.
vanishplusxzone233H.,tathougies1570Iy
0b0011179Bt,Computermaster172>.
Computermaster172>.,Bookandaglassofwine30On
Computermaster172>.,SMTTT8468T 
Computermaster172>.,0b001199Id
0b001199Id,Adorable_Scallion39Sn
0b001199Id,Rosebunse51Wm
Rosebunse51Wm,0b001163In
0b001163In,meat_tunnel87Td
meat_tunnel87Td,Storm_cloud306W.
meat_tunnel87Td,0b0011347Tm
0b0011347Tm,Noraart40Le
0b0011347Tm,failingconstantly78T.
failingconstantly78T.,0b0011425Td
ORIGINALPOST,FR34KO46Gs
ORIGINALPOST,pm_me_xayah_porn110je
ORIGINALPOST,Maximillien118Cm
Maximillien118Cm,SS_Upboat90Nn
SS_Upboat90Nn,Maximillien315Gy
ORIGINALPOST,gohogs120118Cs
gohogs120118Cs,iminatub10Wt
gohogs120118Cs,arnaq188Sr
gohogs120118Cs,fudgemonkees130as
ORIGINALPOST,niton253T

niton253T
,Throwaway130303304288Nm
niton253T
,vanishplusxzone170IA
niton253T
,WhySheHateMe121Ys
niton253T
,DragaliaBoy30M.
niton253T
,the_sammyd84Bw
niton253T
,aithne1100S.
niton253T
,KingOfTheP4s27We
niton253T
,boomermax53(.
boomermax53(.,throwaway10102040348Kd
niton253T
,Bookandaglassofwine31Y

ORIGINALPOST,lucky_beast452Wn
lucky_beast452Wn,UrbanDryad1081>"
lucky_beast452Wn,DriftingJesus33W 
DriftingJesus33W ,Throwaway130303304251Rt
DriftingJesus33W ,meat_tunnel14mn
ORIGINALPOST,NotObviouslyARobot33Bs
ORIGINALPOST,TrumpWonCryAboutIt137St
TrumpWonCryAboutIt137St,blu3dice84N 
blu3dice84N ,TrumpWonCryAboutIt108ds
TrumpWonCryAboutIt108ds,blu3dice32A.
TrumpWonCryAboutIt108ds,dallasdarling113Ih
dallasdarling113Ih,TrumpWonCryAboutIt102ot
TrumpWonCryAboutIt102ot,Stellaaahhhh128A?
ORIGINALPOST,Underwater_Karma73Ds
ORIGINALPOST,Koebs25So
Koebs25So,throwaway10102040343N.
throwaway10102040343N.,boomermax12or
Koebs25So,MySweetBitch76Ys
MySweetBitch76Ys,Koebs11Ha
Koebs11Ha,MySweetBitch155H 
MySweetBitch155H ,fantasticcow97In
ORIGINALPOST,notickeynoworky17Ws
notickeynoworky17Ws,WalkerBRiley206Tn
WalkerBRiley206Tn,Bookandaglassofwine202St
Bookandaglassofwine202St,NyelloNandee385I.
NyelloNandee385I.,Bookandaglassofwine107St
Bookandaglassofwine107St,JimLeader596Ag
Bookandaglassofwine107St,aithne1183T.
aithne1183T.,Bookandaglassofwine59N"
Bookandaglassofwine59N",aithne1104J.
aithne1104J.,Bookandaglassofwine270Wd
Bookandaglassofwine270Wd,aithne1533Id
notickeynoworky17Ws,regular6drunk7334Wa
